GENOTYPE,GROUP_NUM,GROUP
YUBC1A,1,Lancaster
WF9,1,Lancaster
W95115,1,Lancaster
W9,1,Lancaster
W64A,1,Lancaster
W604S,1,Lancaster
W602S,1,Lancaster
W33,1,Lancaster
W23,1,Lancaster
W182E,1,Lancaster
W182B,1,Lancaster
W153R,1,Lancaster
W117,1,Lancaster
VA26,1,Lancaster
UH304,3,Iodent
UH_P148,3,Iodent
UH_P135,3,Iodent
UH_P131,3,Iodent
UH_P130,3,Iodent
UH_P128,3,Iodent
UH_P115,3,Iodent
UH_P087,3,Iodent
UH_P075,3,Iodent
UH_P074,3,Iodent
UH_P072,3,Iodent
UH_P066,3,Iodent
UH_P064,3,Iodent
UH_P060,3,Iodent
UH_P046,3,Iodent
UH_P042,3,Iodent
UH_P040,3,Iodent
UH_P034,3,Iodent
UH_P033,3,Iodent
UH_P024,3,Iodent
UH_P017,3,Iodent
UH_P006,3,Iodent
UH_P001,3,Iodent
UH_6246,3,Iodent
UH_6179,3,Iodent
UH_6161,3,Iodent
UH_6151,3,Iodent
UH_6148,3,Iodent
UH_6145,3,Iodent
UH_6132,3,Iodent
UH_6110,3,Iodent
UH_6103,3,Iodent
UH_6102,3,Iodent
UH_2500,1,Lancaster
UH_1603B,1,Lancaster
SGI061,3,Iodent
SDP254,1,Lancaster
SC-MALAWI,1,Lancaster
PP147,1,Lancaster
PLS80,1,Lancaster
PLS72,1,Lancaster
PLS50676,3,Iodent
PLS330,3,Iodent
PHK76,1,Lancaster
PHK29,2,Stiff Stalk
PHH93,3,Iodent
PHG86,2,Stiff Stalk
PHG83,3,Iodent
PHG50,3,Iodent
PHG47,1,Lancaster
PHG39,2,Stiff Stalk
PH207,3,Iodent
PB98TR,1,Lancaster
PB7,1,Lancaster
PB116,1,Lancaster
PA91,1,Lancaster
PA405,1,Lancaster
PA374,1,Lancaster
PA36,1,Lancaster
P465P,1,Lancaster
OH43,1,Lancaster
OH40B,1,Lancaster
OH33,1,Lancaster
OH02,1,Lancaster
NS701,2,Stiff Stalk
NS501,3,Iodent
NK764,2,Stiff Stalk
NDB8,1,Lancaster
NC358,1,Lancaster
NC290,1,Lancaster
N6,1,Lancaster
N25,1,Lancaster
N192,2,Stiff Stalk
MT42,1,Lancaster
MS71,1,Lancaster
MS153,1,Lancaster
MO17,1,Lancaster
MO15W,1,Lancaster
ML606,1,Lancaster
Lp5,2,Stiff Stalk
LO904,2,Stiff Stalk
LO1301,2,Stiff Stalk
LO1261,2,Stiff Stalk
LO1251,2,Stiff Stalk
LO1223,2,Stiff Stalk
LO1199,2,Stiff Stalk
LO1187,2,Stiff Stalk
LO1106,2,Stiff Stalk
LO1101,2,Stiff Stalk
LO1094,2,Stiff Stalk
LO1087,2,Stiff Stalk
LO1056,1,Lancaster
LO1038,1,Lancaster
LO1026,2,Stiff Stalk
LH93,1,Lancaster
LH85,1,Lancaster
LH74,2,Stiff Stalk
LH65,1,Lancaster
LH60,1,Lancaster
LH59,1,Lancaster
LH39,1,Lancaster
LH38,1,Lancaster
LH146HT,2,Stiff Stalk
LH145,2,Stiff Stalk
LAN496,1,Lancaster
K55,1,Lancaster
IA153,1,Lancaster
I267,1,Lancaster
I261,1,Lancaster
I233,1,Lancaster
I211,1,Lancaster
I205,1,Lancaster
HMV5347,2,Stiff Stalk
HMV5301,3,Iodent
H99,1,Lancaster
F354,1,Lancaster
F335,1,Lancaster
F292,1,Lancaster
F288,1,Lancaster
F284,1,Lancaster
F277,1,Lancaster
F252,1,Lancaster
F230,1,Lancaster
F218,1,Lancaster
F113,1,Lancaster
FR697,1,Lancaster
F1890,3,Iodent
F908,1,Lancaster
F888,1,Lancaster
F874,1,Lancaster
F838,1,Lancaster
F816,1,Lancaster
F712,1,Lancaster
F7059,1,Lancaster
F7058,1,Lancaster
F7057,1,Lancaster
F7025,2,Stiff Stalk
F7009,1,Lancaster
F7001,1,Lancaster
F670,1,Lancaster
F608,1,Lancaster
F604,1,Lancaster
F496,1,Lancaster
F05101,2,Stiff Stalk
F04702,1,Lancaster
F04701,1,Lancaster
F04402,3,Iodent
F04401,3,Iodent
EZ53,1,Lancaster
EZ5,1,Lancaster
EZ42,2,Stiff Stalk
EZ37,2,Stiff Stalk
EZ35,1,Lancaster
EZ34,1,Lancaster
EZ31,2,Stiff Stalk
EP77,1,Lancaster
EP72,1,Lancaster
EP67,1,Lancaster
EP56,1,Lancaster
EP55,1,Lancaster
EP52,1,Lancaster
EP51,1,Lancaster
EP29,1,Lancaster
EP28,1,Lancaster
EP2008-22,1,Lancaster
EP2008-18,1,Lancaster
EP2,1,Lancaster
EP10,1,Lancaster
EA1163,1,Lancaster
EA1027,1,Lancaster
EC242C,3,Iodent
EC232,1,Lancaster
EC169,2,Stiff Stalk
EC133A,2,Stiff Stalk
EA3076,1,Lancaster
DKMBST,1,Lancaster
DKIBO2,3,Iodent
DKFBHJ,2,Stiff Stalk
DKFAPW,2,Stiff Stalk
DK78371A,1,Lancaster
DK78010,2,Stiff Stalk
DK2MA22,1,Lancaster
D06,3,Iodent
CR1HT,1,Lancaster
CQ201,1,Lancaster
CO316,1,Lancaster
CO158,1,Lancaster
CO109,1,Lancaster
CG1,1,Lancaster
C105,1,Lancaster
C103,1,Lancaster
B98,1,Lancaster
B97,1,Lancaster
B89,1,Lancaster
B84,2,Stiff Stalk
B73,2,Stiff Stalk
B37,2,Stiff Stalk
B14A,2,Stiff Stalk
B113,1,Lancaster
B110,2,Stiff Stalk
B109,2,Stiff Stalk
B108,1,Lancaster
B107,3,Iodent
B106,1,Lancaster
B104,2,Stiff Stalk
B100,1,Lancaster
AS5707,1,Lancaster
A654,1,Lancaster
A619,1,Lancaster
A554,1,Lancaster
A375,1,Lancaster
A374,1,Lancaster
A347,1,Lancaster
A340,1,Lancaster
A310,1,Lancaster
A3,1,Lancaster
A188,1,Lancaster
A158,1,Lancaster
11430,3,Iodent
